question,answer,response_time,generation_llm,critic_llm,evaluation_from_llm_grade
What is DialoGPT?,"DialoGPT is a dialogue-based AI model developed by researchers at Google that can engage in natural-sounding conversations with humans. It uses a transformer architecture, similar to BERT and other state-of-the-art language models, but is specifically designed for generating coherent and contextually relevant responses to given prompts or questions.
DialoGPT is trained on large datasets of text from the internet, including conversations, dialogues, and other forms of written communication. During training, the model learns to predict the next word in a sequence given the previous words, which allows it to generate coherent and contextually relevant responses.
One of the key innovations of DialoGPT is its ability to handle long-range dependencies in text, allowing it to understand and respond to complex conversational structures and nuances. This makes it particularly well-suited for applications such as chatbots, virtual assistants, and language translation.
Overall, DialoGPT represents a significant advancement in the field of natural language processing (NLP), and has the potential to enable new use cases and applications that were previously not possible with existing AI models.",23.56,llama-2-7b-chat.Q4_K_M.gguf,mistral-7b-instruct-v0.1.Q4_K_M.gguf,"Coherence: 4 - The predicted answer provides a good overview of DialoGPT's capabilities and its use cases, but could benefit from more specific examples or elaboration on certain points.

Conciseness: 3 - While the answer is generally clear and to the point, there are some areas where it could be further condensed without losing important information.

Accuracy: 5 - The predicted answer accurately describes DialoGPT's key features and capabilities, including its use of a transformer architecture, training on large datasets, ability to handle long-range dependencies, and potential applications in chatbots and virtual assistants."
What data DialoGPT trained on?,"DialoGPT is a large language model that was pre-trained on a dataset of text from various sources, including but not limited to:

1. Web pages: The model was trained on a large corpus of web pages to learn the syntax and semantics of natural language.
2. Books: DialoGPT was also trained on a large collection of books from various genres to improve its understanding of language in different contexts.
3. Dialogues: To generate coherent and conversational text, DialoGPT was trained on a dataset of dialogues between people, which allowed it to learn the nuances of conversation and turn-taking.
4. Textbooks: The model was also trained on a selection of textbooks from various subjects, such as science, history, and literature, to improve its knowledge in these areas.
5. User-generated content: DialoGPT was trained on a large dataset of user-generated content, such as comments, forums, and social media posts, to learn the language patterns and preferences of real users.
6. Other sources: The model may have been trained on other datasets or sources of text data not listed here, depending on the specific implementation and training strategy used by the developers.",23.95,llama-2-7b-chat.Q4_K_M.gguf,mistral-7b-instruct-v0.1.Q4_K_M.gguf,"Coherence: 4 - The predicted answer provides a comprehensive list of data sources that DialoGPT was trained on, and the connections between them are logical and consistent. However, it could be improved by providing more specific examples or details about how each source contributed to the model's training.

Conciseness: 3 - The predicted answer is clear and provides a good overview of DialoGPT's data sources, but it could benefit from being more concise and focused on the most important points. For example, instead of listing all six sources in detail, the answer could simply mention the main categories (e.g., web pages, books) and provide examples or details about one or two of them.

Accuracy: 4 - The predicted answer accurately lists the major data sources that DialoGPT was trained on, including web pages, books, dialogues, textbooks, user-generated content, and other sources. However, it could be improved by providing more specific information about each source or by correcting any minor errors in the list (e.g., misspellings)."
What is the problems that DialoGPT paper trying to solve?,"The DialogGPT paper is attempting to solve several challenges in the field of natural language processing (NLP) and dialogue systems. Here are some of the key problems that the authors aim to address:
1. Lack of domain-specific knowledge: Many existing dialogue systems lack domain-specific knowledge, which can lead to inadequate responses or misunderstandings when dealing with complex topics. DialogGPT aims to overcome this limitation by incorporating domain-specific knowledge into its training data.
2. Limited contextual understanding: Current dialogue systems often struggle to understand the context of a conversation, leading to inappropriate or irrelevant responses. By using a transformer-based architecture and multi-turn context, DialogGPT can better capture long-term dependencies and improve its understanding of conversational context.
3. Difficulty handling ambiguity: Natural language is inherently ambiguous, with words and phrases often having multiple meanings depending on the context. DialogGPT addresses this challenge by using a probabilistic approach to disambiguate words and phrases based on their context.
4. Limited ability to engage in multi-turn dialogue: Many existing dialogue systems are designed for single-turn responses, making it difficult for them to engage in extended conversations. DialogGPT is capable of handling multi-turn dialogues by using a transformer-based architecture that can capture long-term dependencies and contextual information.
5. Difficulty in generating coherent and fluent text: Current dialogue systems often struggle to generate coherent and fluent text, particularly when dealing with complex topics or unexpected turns in the conversation. DialogGPT addresses this challenge by using a probabilistic approach that can generate more coherent and fluent text than traditional rule-based systems.
6. Limited ability to handle out-of-distribution inputs: Many existing dialogue systems are not robust to handling out-of-distribution inputs, such as unexpected topics or language styles. DialogGPT is designed to be more robust by using a probabilistic approach that can adapt to new and unseen data.",41.05,llama-2-7b-chat.Q4_K_M.gguf,mistral-7b-instruct-v0.1.Q4_K_M.gguf,"Coherence: 4 - The predicted answer provides a comprehensive overview of the problems that DialogGPT paper is trying to solve, and maintains logical connections between them. However, it could benefit from more specific examples or case studies to illustrate each problem in practice.

Conciseness: 3 - While the predicted answer covers all the main points, it could be made more concise by focusing on the most important problems that DialogGPT is addressing and providing more concrete examples of how these problems are being solved.

Accuracy: 4 - The predicted answer accurately summarizes the key challenges that DialogGPT paper aims to solve, including lack of domain-specific knowledge, limited contextual understanding, difficulty handling ambiguity, limited ability to engage in multi-turn dialogue, difficulty in generating coherent and fluent text, and limited ability to handle out-of-distribution inputs. However, it could benefit from more specific examples or case studies to illustrate each problem in practice."
